"","samp_full","Pop","PopID","Region","Ecotype","label","Region_color","Ecotype_color","PopID_color","Gsub_PC1","Gsub_PC2","G_AllInv_PC1","G_AllInv_PC2","InvHclustOrder","InvHclustK5"
"1",16216,"Pop1","GoM.Mass.Olive.Winter","GoM","1-Nearshore","GoM_1-Nearshore_GoM.Mass.Olive.Winter_16216","blue4","darkcyan","#006400FF",-0.058930586353308,0.0273344123271108,0.0353192063982951,-0.0079085527251329,146,1
"2",16220,"Pop1","GoM.Mass.Olive.Winter","GoM","1-Nearshore","GoM_1-Nearshore_GoM.Mass.Olive.Winter_16220","blue4","darkcyan","#006400FF",-0.0669642353635081,0.0013382061999702,0.0649640422687158,-0.0490320566415541,258,1
"3",16224,"Pop1","GoM.Mass.Olive.Winter","GoM","1-Nearshore","GoM_1-Nearshore_GoM.Mass.Olive.Winter_16224","blue4","darkcyan","#006400FF",-0.06511353342745,0.00244957062553158,0.0613447735372437,-0.0537680271332735,230,2
"4",16225,"Pop1","GoM.Mass.Olive.Winter","GoM","1-Nearshore","GoM_1-Nearshore_GoM.Mass.Olive.Winter_16225","blue4","darkcyan","#006400FF",-0.0613696557511497,0.00486865344824293,0.0515312941247158,-0.0375329011386152,147,1
"5",16229,"Pop1","GoM.Mass.Olive.Winter","GoM","1-Nearshore","GoM_1-Nearshore_GoM.Mass.Olive.Winter_16229","blue4","darkcyan","#006400FF",-0.053814836191801,0.015398090606162,0.031854952685062,0.0195574868879682,172,1
"6",16231,"Pop1","GoM.Mass.Olive.Winter","GoM","1-Nearshore","GoM_1-Nearshore_GoM.Mass.Olive.Winter_16231","blue4","darkcyan","#006400FF",-0.0595284976174922,0.0180673122383458,0.0414705048591906,0.00322800329374511,238,1
"7",16232,"Pop1","GoM.Mass.Olive.Winter","GoM","1-Nearshore","GoM_1-Nearshore_GoM.Mass.Olive.Winter_16232","blue4","darkcyan","#006400FF",-0.0632935332495348,0.00950951835332312,0.0497383775310649,-0.0338439706459737,243,1
"8",16233,"Pop1","GoM.Mass.Olive.Winter","GoM","1-Nearshore","GoM_1-Nearshore_GoM.Mass.Olive.Winter_16233","blue4","darkcyan","#006400FF",-0.0651854075493927,0.00697042433874579,0.0530117767742963,-0.0419632327046957,142,1
"9",16234,"Pop1","GoM.Mass.Olive.Winter","GoM","1-Nearshore","GoM_1-Nearshore_GoM.Mass.Olive.Winter_16234","blue4","darkcyan","#006400FF",-0.0573777770112532,0.0165432393869378,0.0413779817083025,0.00235532762028723,164,1
"10",16236,"Pop1","GoM.Mass.Olive.Winter","GoM","1-Nearshore","GoM_1-Nearshore_GoM.Mass.Olive.Winter_16236","blue4","darkcyan","#006400FF",-0.0635261695270496,0.00892066081464966,0.0519196381148507,-0.0384215559316686,156,1
"11",16238,"Pop1","GoM.Mass.Olive.Winter","GoM","1-Nearshore","GoM_1-Nearshore_GoM.Mass.Olive.Winter_16238","blue4","darkcyan","#006400FF",-0.0683411513387532,-0.00326104321777274,0.0675684290279733,-0.0493019731110727,227,1
"12",16239,"Pop1","GoM.Mass.Olive.Winter","GoM","1-Nearshore","GoM_1-Nearshore_GoM.Mass.Olive.Winter_16239","blue4","darkcyan","#006400FF",-0.0651789997891906,-0.00496344472296614,0.0591548910528722,-0.0285984470826016,143,1
"13",16241,"Pop1","GoM.Mass.Olive.Winter","GoM","1-Nearshore","GoM_1-Nearshore_GoM.Mass.Olive.Winter_16241","blue4","darkcyan","#006400FF",-0.0408901804364238,0.0519707340415423,-0.0101604009725725,0.0824283089684302,170,3
"14",16242,"Pop1","GoM.Mass.Olive.Winter","GoM","1-Nearshore","GoM_1-Nearshore_GoM.Mass.Olive.Winter_16242","blue4","darkcyan","#006400FF",-0.0572610294002807,0.0281203501023379,0.0347798127685091,-0.00823100438539401,157,1
"15",16247,"Pop1","GoM.Mass.Olive.Winter","GoM","1-Nearshore","GoM_1-Nearshore_GoM.Mass.Olive.Winter_16247","blue4","darkcyan","#006400FF",-0.0596436108544613,0.000209173256638406,0.047283241178252,-0.0110464286301627,220,1
"16",16249,"Pop1","GoM.Mass.Olive.Winter","GoM","1-Nearshore","GoM_1-Nearshore_GoM.Mass.Olive.Winter_16249","blue4","darkcyan","#006400FF",-0.0636504864012257,0.0104237226322062,0.0548172897227282,-0.060282153534536,232,2
"17",17032,"Pop1","GoM.Mass.Olive.Winter","GoM","1-Nearshore","GoM_1-Nearshore_GoM.Mass.Olive.Winter_17032","blue4","darkcyan","#006400FF",-0.0650481176606428,-0.00279280706745028,0.0574533180682983,-0.02825121506738,245,1
"18",17285,"Pop1","GoM.Mass.Olive.Winter","GoM","1-Nearshore","GoM_1-Nearshore_GoM.Mass.Olive.Winter_17285","blue4","darkcyan","#006400FF",-0.0453533882476248,0.0413104179592477,0.00534444637318254,0.0698829080264737,250,3
"19",17286,"Pop1","GoM.Mass.Olive.Winter","GoM","1-Nearshore","GoM_1-Nearshore_GoM.Mass.Olive.Winter_17286","blue4","darkcyan","#006400FF",-0.0516975023108215,0.0233833051843146,0.0217800937036913,0.0403312698941305,249,1
"20",17289,"Pop1","GoM.Mass.Olive.Winter","GoM","1-Nearshore","GoM_1-Nearshore_GoM.Mass.Olive.Winter_17289","blue4","darkcyan","#006400FF",-0.0665090607530898,0.00561442883508687,0.0606636806319086,-0.0539120204940779,137,2
"21",17291,"Pop1","GoM.Mass.Olive.Winter","GoM","1-Nearshore","GoM_1-Nearshore_GoM.Mass.Olive.Winter_17291","blue4","darkcyan","#006400FF",-0.0630192046203893,0.0167433846320974,0.0466462121301693,-0.0487599984750666,174,2
"22",17294,"Pop1","GoM.Mass.Olive.Winter","GoM","1-Nearshore","GoM_1-Nearshore_GoM.Mass.Olive.Winter_17294","blue4","darkcyan","#006400FF",-0.0623124109778688,0.00396896037914412,0.0527427602411999,-0.0392846596607907,139,1
"23",17296,"Pop1","GoM.Mass.Olive.Winter","GoM","1-Nearshore","GoM_1-Nearshore_GoM.Mass.Olive.Winter_17296","blue4","darkcyan","#006400FF",-0.0602837952934234,0.0147268643979031,0.045927435766476,-0.0474240531478907,246,2
"24",17298,"Pop1","GoM.Mass.Olive.Winter","GoM","1-Nearshore","GoM_1-Nearshore_GoM.Mass.Olive.Winter_17298","blue4","darkcyan","#006400FF",-0.0645975806494221,0.0139709133925592,0.0538562384553885,-0.0616201886962024,151,2
"25",17303,"Pop1","GoM.Mass.Olive.Winter","GoM","1-Nearshore","GoM_1-Nearshore_GoM.Mass.Olive.Winter_17303","blue4","darkcyan","#006400FF",-0.0661726677718104,0.00768658426092509,0.0607304125167649,-0.057464487468874,193,2
"26",17305,"Pop1","GoM.Mass.Olive.Winter","GoM","1-Nearshore","GoM_1-Nearshore_GoM.Mass.Olive.Winter_17305","blue4","darkcyan","#006400FF",-0.0688563065276453,0.00587008768768534,0.0618077508773941,-0.053890520583213,223,2
"27",17306,"Pop1","GoM.Mass.Olive.Winter","GoM","1-Nearshore","GoM_1-Nearshore_GoM.Mass.Olive.Winter_17306","blue4","darkcyan","#006400FF",-0.0583329607234457,0.0271203594834536,0.034524830080027,-0.00450770833792493,236,1
"28",17308,"Pop1","GoM.Mass.Olive.Winter","GoM","1-Nearshore","GoM_1-Nearshore_GoM.Mass.Olive.Winter_17308","blue4","darkcyan","#006400FF",-0.0617425459371585,0.0309616315094537,0.0353420542880824,-0.00301669365456118,138,1
"29",17309,"Pop1","GoM.Mass.Olive.Winter","GoM","1-Nearshore","GoM_1-Nearshore_GoM.Mass.Olive.Winter_17309","blue4","darkcyan","#006400FF",-0.0617702458157174,0.0208674386385358,0.0400297735601218,0.00721810765740476,171,1
"30",17311,"Pop1","GoM.Mass.Olive.Winter","GoM","1-Nearshore","GoM_1-Nearshore_GoM.Mass.Olive.Winter_17311","blue4","darkcyan","#006400FF",-0.0685776315800205,-0.00200130644561173,0.0667485310879686,-0.0444498068753307,145,1
"31",17317,"Pop1","GoM.Mass.Olive.Winter","GoM","1-Nearshore","GoM_1-Nearshore_GoM.Mass.Olive.Winter_17317","blue4","darkcyan","#006400FF",-0.0660219223496673,0.00434082875149984,0.061885044816906,-0.0577732102363633,158,2
"32",17324,"Pop1","GoM.Mass.Olive.Winter","GoM","1-Nearshore","GoM_1-Nearshore_GoM.Mass.Olive.Winter_17324","blue4","darkcyan","#006400FF",-0.069668377884312,-0.00219425600941596,0.0672429469581085,-0.0475201620239755,218,1
"33",17326,"Pop1","GoM.Mass.Olive.Winter","GoM","1-Nearshore","GoM_1-Nearshore_GoM.Mass.Olive.Winter_17326","blue4","darkcyan","#006400FF",-0.0505180420252076,0.0334459478946814,0.0202041132827796,0.0005134180340324,240,4
"34",17327,"Pop1","GoM.Mass.Olive.Winter","GoM","1-Nearshore","GoM_1-Nearshore_GoM.Mass.Olive.Winter_17327","blue4","darkcyan","#006400FF",-0.0625059271878666,0.00507835751928189,0.0511231461656846,-0.0373624530541322,155,1
"35",16211,"Pop2","GoM.Mass.Red","GoM","1-Nearshore","GoM_1-Nearshore_GoM.Mass.Red_16211","blue4","darkcyan","#FA8072FF",-0.0680122703272909,-0.00484185566622771,0.0670176947189122,-0.047528376947834,237,1
"36",16214,"Pop2","GoM.Mass.Red","GoM","1-Nearshore","GoM_1-Nearshore_GoM.Mass.Red_16214","blue4","darkcyan","#FA8072FF",-0.0673385859768396,0.00970106421003701,0.0608624194640242,-0.0569129603978724,154,2
"37",16218,"Pop2","GoM.Mass.Red","GoM","1-Nearshore","GoM_1-Nearshore_GoM.Mass.Red_16218","blue4","darkcyan","#FA8072FF",-0.0572872731197132,0.0140478188392085,0.0365878595596874,-0.0269558185816564,166,2
"38",16219,"Pop2","GoM.Mass.Red","GoM","1-Nearshore","GoM_1-Nearshore_GoM.Mass.Red_16219","blue4","darkcyan","#FA8072FF",-0.0568245487268317,0.026591666546584,0.0346559952485763,-0.00271090014511603,233,1
"39",17001,"Pop2","GoM.Mass.Red","GoM","1-Nearshore","GoM_1-Nearshore_GoM.Mass.Red_17001","blue4","darkcyan","#FA8072FF",-0.0643294177244719,0.0125718472665852,0.0546387533872946,-0.063662063916606,161,2
"40",17003,"Pop2","GoM.Mass.Red","GoM","1-Nearshore","GoM_1-Nearshore_GoM.Mass.Red_17003","blue4","darkcyan","#FA8072FF",-0.0650762782605197,0.0123420967855805,0.0545749375702725,-0.0624811057778675,252,2
"41",17005,"Pop2","GoM.Mass.Red","GoM","1-Nearshore","GoM_1-Nearshore_GoM.Mass.Red_17005","blue4","darkcyan","#FA8072FF",-0.0669315718847231,0.00498153054468733,0.0620803318477514,-0.0569721331727812,216,2
"42",17006,"Pop2","GoM.Mass.Red","GoM","1-Nearshore","GoM_1-Nearshore_GoM.Mass.Red_17006","blue4","darkcyan","#FA8072FF",-0.0599527081658318,0.0163105042736843,0.0436232506764282,-0.0477869316097503,217,2
"43",17007,"Pop2","GoM.Mass.Red","GoM","1-Nearshore","GoM_1-Nearshore_GoM.Mass.Red_17007","blue4","darkcyan","#FA8072FF",-0.0583645396316712,0.0255606755449287,0.0352519976809472,-0.00525729117804424,222,1
"44",17008,"Pop2","GoM.Mass.Red","GoM","1-Nearshore","GoM_1-Nearshore_GoM.Mass.Red_17008","blue4","darkcyan","#FA8072FF",-0.0506461754744692,0.0409734974405303,0.0154234573758493,0.0513833390854267,234,3
"45",17010,"Pop2","GoM.Mass.Red","GoM","1-Nearshore","GoM_1-Nearshore_GoM.Mass.Red_17010","blue4","darkcyan","#FA8072FF",-0.0669604298171653,-0.00256024017747361,0.0665540834621826,-0.0482400680096612,219,1
"46",17011,"Pop2","GoM.Mass.Red","GoM","1-Nearshore","GoM_1-Nearshore_GoM.Mass.Red_17011","blue4","darkcyan","#FA8072FF",-0.0517527403972651,0.0337255185338998,0.0197644726883822,0.00144991976605695,254,4
"47",17013,"Pop2","GoM.Mass.Red","GoM","1-Nearshore","GoM_1-Nearshore_GoM.Mass.Red_17013","blue4","darkcyan","#FA8072FF",-0.07046390757622,0.0074746000723643,0.0617061353425329,-0.0538279485161824,248,2
"48",17015,"Pop2","GoM.Mass.Red","GoM","1-Nearshore","GoM_1-Nearshore_GoM.Mass.Red_17015","blue4","darkcyan","#FA8072FF",-0.0674408514675881,0.00740749151442251,0.0607123795419431,-0.0555406814741491,160,2
"49",17016,"Pop2","GoM.Mass.Red","GoM","1-Nearshore","GoM_1-Nearshore_GoM.Mass.Red_17016","blue4","darkcyan","#FA8072FF",-0.0467711199263989,0.0591267498686933,0.00256754578706763,0.034572986822839,165,3
"50",17017,"Pop2","GoM.Mass.Red","GoM","1-Nearshore","GoM_1-Nearshore_GoM.Mass.Red_17017","blue4","darkcyan","#FA8072FF",-0.0624193737611364,0.0167673505448259,0.0463719734843279,-0.0497898714296378,144,2
"51",17018,"Pop2","GoM.Mass.Red","GoM","1-Nearshore","GoM_1-Nearshore_GoM.Mass.Red_17018","blue4","darkcyan","#FA8072FF",-0.0637949608242514,0.0073702361178245,0.0591847643479364,-0.0545002026983867,253,2
"52",17019,"Pop2","GoM.Mass.Red","GoM","1-Nearshore","GoM_1-Nearshore_GoM.Mass.Red_17019","blue4","darkcyan","#FA8072FF",-0.064907049794691,0.00258531787234093,0.0567193114301702,-0.0283103340029586,175,1
"53",17020,"Pop2","GoM.Mass.Red","GoM","1-Nearshore","GoM_1-Nearshore_GoM.Mass.Red_17020","blue4","darkcyan","#FA8072FF",-0.0706718599426369,0.00783927831764554,0.06150990264847,-0.0547553400766907,231,2
"54",17022,"Pop2","GoM.Mass.Red","GoM","1-Nearshore","GoM_1-Nearshore_GoM.Mass.Red_17022","blue4","darkcyan","#FA8072FF",-0.0682862703110411,0.00775997583723022,0.0617932473379849,-0.0555847683997697,244,2
"55",17023,"Pop2","GoM.Mass.Red","GoM","1-Nearshore","GoM_1-Nearshore_GoM.Mass.Red_17023","blue4","darkcyan","#FA8072FF",-0.0663708534614126,0.00893865894780208,0.0596479318828005,-0.0546097487308627,176,2
"56",17024,"Pop2","GoM.Mass.Red","GoM","1-Nearshore","GoM_1-Nearshore_GoM.Mass.Red_17024","blue4","darkcyan","#FA8072FF",-0.0624147578646267,0.00903656522503776,0.0506547356137358,-0.0408484945261711,228,1
"57",17026,"Pop2","GoM.Mass.Red","GoM","1-Nearshore","GoM_1-Nearshore_GoM.Mass.Red_17026","blue4","darkcyan","#FA8072FF",-0.0619291832311103,0.00386275487020559,0.0516935180184758,-0.0360028583757414,226,1
"58",17027,"Pop2","GoM.Mass.Red","GoM","1-Nearshore","GoM_1-Nearshore_GoM.Mass.Red_17027","blue4","darkcyan","#FA8072FF",-0.0645765714752457,0.00908837663436195,0.0529865140148653,-0.0436316943299701,251,1
"59",17028,"Pop2","GoM.Mass.Red","GoM","1-Nearshore","GoM_1-Nearshore_GoM.Mass.Red_17028","blue4","darkcyan","#FA8072FF",-0.0696274264283653,-0.00139806787102622,0.0657185555599782,-0.0471690715322093,235,1
"60",17029,"Pop2","GoM.Mass.Red","GoM","1-Nearshore","GoM_1-Nearshore_GoM.Mass.Red_17029","blue4","darkcyan","#FA8072FF",-0.0621730113880577,0.0150344963638183,0.0449932715149166,-0.0446849863319904,247,2
"61",17031,"Pop2","GoM.Mass.Red","GoM","1-Nearshore","GoM_1-Nearshore_GoM.Mass.Red_17031","blue4","darkcyan","#FA8072FF",-0.064889245951956,0.00645795325340238,0.0525562236551353,-0.0395903063724398,270,1
"62",17153,"Pop2","GoM.Mass.Red","GoM","1-Nearshore","GoM_1-Nearshore_GoM.Mass.Red_17153","blue4","darkcyan","#FA8072FF",-0.0612092629681803,0.00777571447072477,0.049784766425032,-0.0375291056236075,148,1
"63",17154,"Pop2","GoM.Mass.Red","GoM","1-Nearshore","GoM_1-Nearshore_GoM.Mass.Red_17154","blue4","darkcyan","#FA8072FF",-0.0667673304233269,0.00298354033838023,0.0596170832046836,-0.0537233069352249,159,2
"64",17155,"Pop2","GoM.Mass.Red","GoM","1-Nearshore","GoM_1-Nearshore_GoM.Mass.Red_17155","blue4","darkcyan","#FA8072FF",-0.0556533508663549,0.0189964331386172,0.0322874483457963,0.0208038871761385,163,1
"65",17156,"Pop2","GoM.Mass.Red","GoM","1-Nearshore","GoM_1-Nearshore_GoM.Mass.Red_17156","blue4","darkcyan","#FA8072FF",-0.0595181122936871,0.0131374002891473,0.0457107067340633,-0.0451224095381526,149,2
"66",17313,"Pop2","GoM.Mass.Red","GoM","1-Nearshore","GoM_1-Nearshore_GoM.Mass.Red_17313","blue4","darkcyan","#FA8072FF",-0.061904233337838,0.00136659045020516,0.0520407118799907,-0.0342633518868016,173,1
"67",17314,"Pop2","GoM.Mass.Red","GoM","1-Nearshore","GoM_1-Nearshore_GoM.Mass.Red_17314","blue4","darkcyan","#FA8072FF",-0.0549473959155858,0.0190944234445754,0.0321034625336374,0.0193329848680565,153,1
"68",17315,"Pop2","GoM.Mass.Red","GoM","1-Nearshore","GoM_1-Nearshore_GoM.Mass.Red_17315","blue4","darkcyan","#FA8072FF",-0.0698503517948881,0.00618212783900457,0.0618767914785784,-0.0564134758971539,239,2
"69",17316,"Pop2","GoM.Mass.Red","GoM","1-Nearshore","GoM_1-Nearshore_GoM.Mass.Red_17316","blue4","darkcyan","#FA8072FF",-0.0624150445154716,0.00557751401335633,0.0523151602524803,-0.0355038878434632,141,1
"70",16221,"Pop3","GoM.Mass.Olive.Unknown","GoM","1-Nearshore","GoM_1-Nearshore_GoM.Mass.Olive.Unknown_16221","blue4","darkcyan","#CD9B1D80",-0.0627328725784487,0.0173524660035913,0.0458568219337963,-0.048598950022461,286,2
"71",16223,"Pop3","GoM.Mass.Olive.Unknown","GoM","1-Nearshore","GoM_1-Nearshore_GoM.Mass.Olive.Unknown_16223","blue4","darkcyan","#CD9B1D80",-0.0670760956473218,0.00354445775291111,0.0620086225568039,-0.0567362607711292,167,2
"72",16227,"Pop3","GoM.Mass.Olive.Unknown","GoM","1-Nearshore","GoM_1-Nearshore_GoM.Mass.Olive.Unknown_16227","blue4","darkcyan","#CD9B1D80",-0.0676479734646528,-0.00348787383101132,0.0656638050729483,-0.0449053582555718,224,1
"73",16228,"Pop3","GoM.Mass.Olive.Unknown","GoM","1-Nearshore","GoM_1-Nearshore_GoM.Mass.Olive.Unknown_16228","blue4","darkcyan","#CD9B1D80",-0.0600146044585419,0.00605768578226748,0.0509230353972063,-0.0382369719735566,152,1
"74",16240,"Pop3","GoM.Mass.Olive.Unknown","GoM","1-Nearshore","GoM_1-Nearshore_GoM.Mass.Olive.Unknown_16240","blue4","darkcyan","#CD9B1D80",-0.0701316600537543,-0.00532478681293041,0.0681796155887635,-0.0460596188519235,140,1
"75",16243,"Pop3","GoM.Mass.Olive.Unknown","GoM","1-Nearshore","GoM_1-Nearshore_GoM.Mass.Olive.Unknown_16243","blue4","darkcyan","#CD9B1D80",-0.0662815068869032,0.00722874587378844,0.0606596651787044,-0.0547314491484263,169,2
"76",16245,"Pop3","GoM.Mass.Olive.Unknown","GoM","1-Nearshore","GoM_1-Nearshore_GoM.Mass.Olive.Unknown_16245","blue4","darkcyan","#CD9B1D80",-0.0524604602293251,0.0354392387588274,0.0201150655041976,0.00214585338166265,150,4
"77",16248,"Pop3","GoM.Mass.Olive.Unknown","GoM","1-Nearshore","GoM_1-Nearshore_GoM.Mass.Olive.Unknown_16248","blue4","darkcyan","#CD9B1D80",-0.0690035120994024,-0.0010081517722277,0.0655584436316047,-0.0454877053689808,275,1
"78",17002,"Pop3","GoM.Mass.Olive.Unknown","GoM","1-Nearshore","GoM_1-Nearshore_GoM.Mass.Olive.Unknown_17002","blue4","darkcyan","#CD9B1D80",-0.0683292071222337,-0.00594903826512665,0.0675377547381709,-0.0475803618005275,225,1
"79",17030,"Pop3","GoM.Mass.Olive.Unknown","GoM","1-Nearshore","GoM_1-Nearshore_GoM.Mass.Olive.Unknown_17030","blue4","darkcyan","#CD9B1D80",-0.0675632955942361,0.00693379384384122,0.0606131591295543,-0.0546051834509008,229,2
"80",17033,"Pop3","GoM.Mass.Olive.Unknown","GoM","1-Nearshore","GoM_1-Nearshore_GoM.Mass.Olive.Unknown_17033","blue4","darkcyan","#CD9B1D80",-0.0587529141227681,0.0183805628409459,0.0404790217045991,0.00352775216576544,207,1
"81",17287,"Pop3","GoM.Mass.Olive.Unknown","GoM","1-Nearshore","GoM_1-Nearshore_GoM.Mass.Olive.Unknown_17287","blue4","darkcyan","#CD9B1D80",-0.0538611785387971,0.0297975578111378,0.0262458552864917,0.00909467829597856,242,4
"82",17288,"Pop3","GoM.Mass.Olive.Unknown","GoM","1-Nearshore","GoM_1-Nearshore_GoM.Mass.Olive.Unknown_17288","blue4","darkcyan","#CD9B1D80",-0.0661688120318215,-0.00616758695619632,0.066206861501568,-0.0462395081350144,277,1
"83",17290,"Pop3","GoM.Mass.Olive.Unknown","GoM","1-Nearshore","GoM_1-Nearshore_GoM.Mass.Olive.Unknown_17290","blue4","darkcyan","#CD9B1D80",-0.0690412833886466,0.00423209182628413,0.0622843958321205,-0.0579399421458299,208,2
"84",17292,"Pop3","GoM.Mass.Olive.Unknown","GoM","1-Nearshore","GoM_1-Nearshore_GoM.Mass.Olive.Unknown_17292","blue4","darkcyan","#CD9B1D80",-0.0681658113328194,-0.00632830300093303,0.0673999330987583,-0.0444622183085594,184,1
"85",17304,"Pop3","GoM.Mass.Olive.Unknown","GoM","1-Nearshore","GoM_1-Nearshore_GoM.Mass.Olive.Unknown_17304","blue4","darkcyan","#CD9B1D80",-0.0604223888547113,0.0208905795372518,0.0416477700401207,0.00297186309750929,273,1
"86",17325,"Pop3","GoM.Mass.Olive.Unknown","GoM","1-Nearshore","GoM_1-Nearshore_GoM.Mass.Olive.Unknown_17325","blue4","darkcyan","#CD9B1D80",-0.053514621708944,0.0416403482856512,0.0199761203622554,0.000802450154997958,255,4
"87",17203,"Pop4","GoM.Cashes.Olive","GoM","1-Nearshore","GoM_1-Nearshore_GoM.Cashes.Olive_17203","blue4","darkcyan","#006400BF",-0.0492678582301616,0.0617522598328492,0.0130287220249578,-0.0924077530579684,259,2
"88",17204,"Pop4","GoM.Cashes.Olive","GoM","1-Nearshore","GoM_1-Nearshore_GoM.Cashes.Olive_17204","blue4","darkcyan","#006400BF",-0.0633927202236222,-0.00369339405434191,0.058271957596714,-0.0312069790688166,284,1
"89",17206,"Pop4","GoM.Cashes.Olive","GoM","1-Nearshore","GoM_1-Nearshore_GoM.Cashes.Olive_17206","blue4","darkcyan","#006400BF",-0.0582862636328526,0.0158823824186882,0.0402977056396848,0.00562561757575763,292,1
"90",17210,"Pop4","GoM.Cashes.Olive","GoM","1-Nearshore","GoM_1-Nearshore_GoM.Cashes.Olive_17210","blue4","darkcyan","#006400BF",-0.0712088450961756,-0.000322147286954125,0.0676105986032505,-0.0470579351211176,276,1
"91",17211,"Pop4","GoM.Cashes.Olive","GoM","1-Nearshore","GoM_1-Nearshore_GoM.Cashes.Olive_17211","blue4","darkcyan","#006400BF",-0.0573504322116196,0.0280400820919179,0.0344823681826193,-0.00338012255298896,221,1
"92",17215,"Pop4","GoM.Cashes.Olive","GoM","1-Nearshore","GoM_1-Nearshore_GoM.Cashes.Olive_17215","blue4","darkcyan","#006400BF",-0.0532532714399735,0.0370583536534768,0.0193982796706696,0.00208130050713232,293,4
"93",17216,"Pop4","GoM.Cashes.Olive","GoM","1-Nearshore","GoM_1-Nearshore_GoM.Cashes.Olive_17216","blue4","darkcyan","#006400BF",-0.0660301832562285,0.00929267665611771,0.0579532048118864,-0.0522572203245758,289,2
"94",17218,"Pop4","GoM.Cashes.Olive","GoM","1-Nearshore","GoM_1-Nearshore_GoM.Cashes.Olive_17218","blue4","darkcyan","#006400BF",-0.0546812660155499,0.0583887938288404,0.022042943663195,-0.111157225554789,214,2
"95",17219,"Pop4","GoM.Cashes.Olive","GoM","1-Nearshore","GoM_1-Nearshore_GoM.Cashes.Olive_17219","blue4","darkcyan","#006400BF",-0.050306004872141,0.0363246302052373,0.0179450381589329,0.006366678531623,282,4
"96",17221,"Pop4","GoM.Cashes.Olive","GoM","1-Nearshore","GoM_1-Nearshore_GoM.Cashes.Olive_17221","blue4","darkcyan","#006400BF",-0.0621532950103686,0.00361534172415197,0.05270875273241,-0.0374988659047934,183,1
"97",17224,"Pop4","GoM.Cashes.Olive","GoM","1-Nearshore","GoM_1-Nearshore_GoM.Cashes.Olive_17224","blue4","darkcyan","#006400BF",-0.0540104704171477,0.017089966019365,0.0306934493765833,0.020317446320673,186,1
"98",17226,"Pop4","GoM.Cashes.Olive","GoM","1-Nearshore","GoM_1-Nearshore_GoM.Cashes.Olive_17226","blue4","darkcyan","#006400BF",-0.0660245301475983,-0.00957672018375797,0.0681376648240716,-0.0448515673856687,49,1
"99",17230,"Pop4","GoM.Cashes.Olive","GoM","1-Nearshore","GoM_1-Nearshore_GoM.Cashes.Olive_17230","blue4","darkcyan","#006400BF",-0.0584595974421971,-0.00369997790456165,0.0491524043973283,-0.00920988089746605,136,1
"100",17233,"Pop4","GoM.Cashes.Olive","GoM","1-Nearshore","GoM_1-Nearshore_GoM.Cashes.Olive_17233","blue4","darkcyan","#006400BF",-0.0659354170321947,0.00830228754439149,0.0531056127062301,-0.0412712290566493,18,1
"101",17234,"Pop4","GoM.Cashes.Olive","GoM","1-Nearshore","GoM_1-Nearshore_GoM.Cashes.Olive_17234","blue4","darkcyan","#006400BF",-0.0548409715267629,0.0267902854114812,0.0253212717464745,0.0117763562090265,44,4
"102",17235,"Pop4","GoM.Cashes.Olive","GoM","1-Nearshore","GoM_1-Nearshore_GoM.Cashes.Olive_17235","blue4","darkcyan","#006400BF",-0.0663947300190017,0.000920114286619367,0.0616203017594442,-0.0545944488199549,257,2
"103",17236,"Pop4","GoM.Cashes.Olive","GoM","1-Nearshore","GoM_1-Nearshore_GoM.Cashes.Olive_17236","blue4","darkcyan","#006400BF",-0.0523479564360724,0.0251279872892872,0.0256425974141138,0.0125169987800727,179,4
"104",17238,"Pop4","GoM.Cashes.Olive","GoM","1-Nearshore","GoM_1-Nearshore_GoM.Cashes.Olive_17238","blue4","darkcyan","#006400BF",-0.052785291988827,0.0253542186334138,0.0248365988014063,0.0136815755304765,260,4
"105",17240,"Pop4","GoM.Cashes.Olive","GoM","1-Nearshore","GoM_1-Nearshore_GoM.Cashes.Olive_17240","blue4","darkcyan","#006400BF",-0.0679979674917191,-0.00666521881920141,0.0663270671615333,-0.0441007774385947,266,1
"106",17242,"Pop4","GoM.Cashes.Olive","GoM","1-Nearshore","GoM_1-Nearshore_GoM.Cashes.Olive_17242","blue4","darkcyan","#006400BF",-0.0569859131522534,0.0259540205540833,0.0347789789205783,-0.00398521757247124,287,1
"107",17245,"Pop4","GoM.Cashes.Olive","GoM","1-Nearshore","GoM_1-Nearshore_GoM.Cashes.Olive_17245","blue4","darkcyan","#006400BF",-0.0690522112219377,-0.00484044093571221,0.0664054669461529,-0.0479232434560739,202,1
"108",17248,"Pop4","GoM.Cashes.Olive","GoM","1-Nearshore","GoM_1-Nearshore_GoM.Cashes.Olive_17248","blue4","darkcyan","#006400BF",-0.068017621236802,-0.00766469641779516,0.0673657959957738,-0.0481138502491876,209,1
"109",17249,"Pop4","GoM.Cashes.Olive","GoM","1-Nearshore","GoM_1-Nearshore_GoM.Cashes.Olive_17249","blue4","darkcyan","#006400BF",-0.0525037114419144,0.0254752328235894,0.0255870164163605,0.0131254474359795,280,4
"110",17260,"Pop4","GoM.Cashes.Olive","GoM","1-Nearshore","GoM_1-Nearshore_GoM.Cashes.Olive_17260","blue4","darkcyan","#006400BF",-0.0539663340791277,0.0173658269206865,0.0313381367848994,0.0234130715239357,13,1
"111",17277,"Pop4","GoM.Cashes.Olive","GoM","1-Nearshore","GoM_1-Nearshore_GoM.Cashes.Olive_17277","blue4","darkcyan","#006400BF",-0.0642030244235385,0.0139853911535044,0.0551600553617553,-0.0654005328594717,278,2
"112",17252,"Pop5","GoM.Cashes.Red","GoM","1-Nearshore","GoM_1-Nearshore_GoM.Cashes.Red_17252","blue4","darkcyan","#FA8072BF",-0.0629080521610905,0.0104981068966525,0.0497586166652005,-0.0332968380348798,168,1
"113",17253,"Pop5","GoM.Cashes.Red","GoM","1-Nearshore","GoM_1-Nearshore_GoM.Cashes.Red_17253","blue4","darkcyan","#FA8072BF",-0.0671548920903919,-0.00513206776927296,0.0661452219050564,-0.0450476664714638,206,1
"114",17254,"Pop5","GoM.Cashes.Red","GoM","1-Nearshore","GoM_1-Nearshore_GoM.Cashes.Red_17254","blue4","darkcyan","#FA8072BF",-0.0621548999297575,0.00377104960414879,0.0522445095012545,-0.03692518272211,178,1
"115",17256,"Pop5","GoM.Cashes.Red","GoM","1-Nearshore","GoM_1-Nearshore_GoM.Cashes.Red_17256","blue4","darkcyan","#FA8072BF",-0.0562309330085126,0.0255275182615879,0.0345265885432691,-0.00612154913157883,198,1
"116",17257,"Pop5","GoM.Cashes.Red","GoM","1-Nearshore","GoM_1-Nearshore_GoM.Cashes.Red_17257","blue4","darkcyan","#FA8072BF",-0.0620623645945616,0.000878542678453131,0.0569240782425346,-0.0281714344473892,201,1
"117",17258,"Pop5","GoM.Cashes.Red","GoM","1-Nearshore","GoM_1-Nearshore_GoM.Cashes.Red_17258","blue4","darkcyan","#FA8072BF",-0.0684895232111139,-0.00332845984074031,0.0659562348401161,-0.0456438225737174,185,1
"118",17259,"Pop5","GoM.Cashes.Red","GoM","1-Nearshore","GoM_1-Nearshore_GoM.Cashes.Red_17259","blue4","darkcyan","#FA8072BF",-0.0586722382238248,0.000866657143017412,0.0480008346777952,-0.0122972883460225,283,1
"119",17261,"Pop5","GoM.Cashes.Red","GoM","1-Nearshore","GoM_1-Nearshore_GoM.Cashes.Red_17261","blue4","darkcyan","#FA8072BF",-0.0577092325273511,0.0324778735518432,0.0291155746899723,-0.0105152633295846,210,4
"120",17262,"Pop5","GoM.Cashes.Red","GoM","1-Nearshore","GoM_1-Nearshore_GoM.Cashes.Red_17262","blue4","darkcyan","#FA8072BF",-0.0609737727969403,0.00686174141837656,0.0501068925470422,-0.0318415920920611,272,1
"121",17263,"Pop5","GoM.Cashes.Red","GoM","1-Nearshore","GoM_1-Nearshore_GoM.Cashes.Red_17263","blue4","darkcyan","#FA8072BF",-0.0658829562188501,0.00316225293197185,0.0605288362881109,-0.0559673674269779,194,2
"122",17264,"Pop5","GoM.Cashes.Red","GoM","1-Nearshore","GoM_1-Nearshore_GoM.Cashes.Red_17264","blue4","darkcyan","#FA8072BF",-0.0609889012106315,0.016505408759605,0.045779469903236,-0.0498239728426623,263,2
"123",17265,"Pop5","GoM.Cashes.Red","GoM","1-Nearshore","GoM_1-Nearshore_GoM.Cashes.Red_17265","blue4","darkcyan","#FA8072BF",-0.0667694791774819,-0.00836081212368604,0.0671203358089748,-0.0440758524249351,261,1
"124",17267,"Pop5","GoM.Cashes.Red","GoM","1-Nearshore","GoM_1-Nearshore_GoM.Cashes.Red_17267","blue4","darkcyan","#FA8072BF",-0.0657265307466022,0.00578236500552627,0.0602983387852117,-0.0568010100189107,196,2
"125",17268,"Pop5","GoM.Cashes.Red","GoM","1-Nearshore","GoM_1-Nearshore_GoM.Cashes.Red_17268","blue4","darkcyan","#FA8072BF",-0.0625050928728608,0.00632019412290493,0.0508098497268898,-0.0366076421402478,211,1
"126",17270,"Pop5","GoM.Cashes.Red","GoM","1-Nearshore","GoM_1-Nearshore_GoM.Cashes.Red_17270","blue4","darkcyan","#FA8072BF",-0.057543008089022,0.0157309660360579,0.0404510031389765,0.00458081348534813,188,1
"127",17271,"Pop5","GoM.Cashes.Red","GoM","1-Nearshore","GoM_1-Nearshore_GoM.Cashes.Red_17271","blue4","darkcyan","#FA8072BF",-0.0639558661297135,-0.00221061722755903,0.0560091418657115,-0.0270568585071139,215,1
"128",17272,"Pop5","GoM.Cashes.Red","GoM","1-Nearshore","GoM_1-Nearshore_GoM.Cashes.Red_17272","blue4","darkcyan","#FA8072BF",-0.0636616573988197,0.00585318979106585,0.0524853914278235,-0.0366997022949283,285,1
"129",17273,"Pop5","GoM.Cashes.Red","GoM","1-Nearshore","GoM_1-Nearshore_GoM.Cashes.Red_17273","blue4","darkcyan","#FA8072BF",-0.0659524280327573,-0.00570637164426866,0.0669878951365225,-0.0459428058946657,30,1
"130",17276,"Pop5","GoM.Cashes.Red","GoM","1-Nearshore","GoM_1-Nearshore_GoM.Cashes.Red_17276","blue4","darkcyan","#FA8072BF",-0.0589432245840296,0.0162433095904197,0.0414082764234379,0.00345662170684702,35,1
"131",17278,"Pop5","GoM.Cashes.Red","GoM","1-Nearshore","GoM_1-Nearshore_GoM.Cashes.Red_17278","blue4","darkcyan","#FA8072BF",-0.0547430638658598,0.0115507536462004,0.0361970700659344,-0.0302445733542534,72,2
"132",17279,"Pop5","GoM.Cashes.Red","GoM","1-Nearshore","GoM_1-Nearshore_GoM.Cashes.Red_17279","blue4","darkcyan","#FA8072BF",-0.0615533459025549,0.00769888932656355,0.0511937555836848,-0.0397892711709753,77,1
"133",17280,"Pop5","GoM.Cashes.Red","GoM","1-Nearshore","GoM_1-Nearshore_GoM.Cashes.Red_17280","blue4","darkcyan","#FA8072BF",-0.055305701493991,0.0236876081786022,0.0353831923878522,-0.00510230585888192,105,1
"134",17281,"Pop5","GoM.Cashes.Red","GoM","1-Nearshore","GoM_1-Nearshore_GoM.Cashes.Red_17281","blue4","darkcyan","#FA8072BF",-0.0550084627190735,0.017655325357164,0.0321165833289495,0.0198154685878409,129,1
"135",17282,"Pop5","GoM.Cashes.Red","GoM","1-Nearshore","GoM_1-Nearshore_GoM.Cashes.Red_17282","blue4","darkcyan","#FA8072BF",-0.0622684591904301,-0.00434000781176005,0.0575386289673582,-0.029621302804928,32,1
"136",17283,"Pop5","GoM.Cashes.Red","GoM","1-Nearshore","GoM_1-Nearshore_GoM.Cashes.Red_17283","blue4","darkcyan","#FA8072BF",-0.0456011370741219,0.0567693726732993,0.00305404962558603,0.0337690799563848,82,3
"137",18001,"Pop6","Ice.Off.SW","Iceland","2-Offshore","Iceland_2-Offshore_Ice.Off.SW_18001","darkgoldenrod","seagreen2","#9400D3FF",0.0704065311990197,0.0792136064688483,-0.0991602144859109,-0.0461634833584866,2,5
"138",18002,"Pop6","Ice.Off.SW","Iceland","2-Offshore","Iceland_2-Offshore_Ice.Off.SW_18002","darkgoldenrod","seagreen2","#9400D3FF",0.0716298778472913,0.0791035723597695,-0.100395313489977,-0.0456882601029456,59,5
"139",18003,"Pop6","Ice.Off.SW","Iceland","2-Offshore","Iceland_2-Offshore_Ice.Off.SW_18003","darkgoldenrod","seagreen2","#9400D3FF",0.0711996491233112,0.0791440333008493,-0.0997502980061651,-0.0462305560165977,11,5
"140",18005,"Pop6","Ice.Off.SW","Iceland","2-Offshore","Iceland_2-Offshore_Ice.Off.SW_18005","darkgoldenrod","seagreen2","#9400D3FF",0.0607925314500836,0.0172277168195276,-0.0626242916013319,0.0324074298979922,74,5
"141",18006,"Pop6","Ice.Off.SW","Iceland","2-Offshore","Iceland_2-Offshore_Ice.Off.SW_18006","darkgoldenrod","seagreen2","#9400D3FF",0.0586655471463384,0.0174187533404425,-0.0617619774443702,0.031464800795224,84,5
"142",18008,"Pop6","Ice.Off.SW","Iceland","2-Offshore","Iceland_2-Offshore_Ice.Off.SW_18008","darkgoldenrod","seagreen2","#9400D3FF",0.0699522839291373,0.0705998167529089,-0.0930666359836102,-0.0368712262674877,45,5
"143",18010,"Pop6","Ice.Off.SW","Iceland","2-Offshore","Iceland_2-Offshore_Ice.Off.SW_18010","darkgoldenrod","seagreen2","#9400D3FF",0.0682471086982103,0.0665107158091899,-0.0914938878703499,-0.036176748197357,123,5
"144",18012,"Pop6","Ice.Off.SW","Iceland","2-Offshore","Iceland_2-Offshore_Ice.Off.SW_18012","darkgoldenrod","seagreen2","#9400D3FF",0.0714989178915759,0.0787884334704057,-0.0979153519726228,-0.0462287638047354,90,5
"145",18013,"Pop6","Ice.Off.SW","Iceland","2-Offshore","Iceland_2-Offshore_Ice.Off.SW_18013","darkgoldenrod","seagreen2","#9400D3FF",0.0713055348698821,0.0816640078661423,-0.10092364359637,-0.0463553366626792,98,5
"146",18014,"Pop6","Ice.Off.SW","Iceland","2-Offshore","Iceland_2-Offshore_Ice.Off.SW_18014","darkgoldenrod","seagreen2","#9400D3FF",0.0605381834426542,0.0573789433011913,-0.0719096234198426,-0.0913378841635443,108,5
"147",18015,"Pop6","Ice.Off.SW","Iceland","2-Offshore","Iceland_2-Offshore_Ice.Off.SW_18015","darkgoldenrod","seagreen2","#9400D3FF",0.0619156591040031,0.0572768894691648,-0.073145138893595,-0.0917353896799028,113,5
"148",18017,"Pop6","Ice.Off.SW","Iceland","2-Offshore","Iceland_2-Offshore_Ice.Off.SW_18017","darkgoldenrod","seagreen2","#9400D3FF",0.0609486918466974,0.015249222664263,-0.0627156038025728,0.0320629828247461,117,5
"149",18019,"Pop6","Ice.Off.SW","Iceland","2-Offshore","Iceland_2-Offshore_Ice.Off.SW_18019","darkgoldenrod","seagreen2","#9400D3FF",0.0606505964296326,0.0196179760668822,-0.062375721863993,0.0319297338201631,78,5
"150",18020,"Pop6","Ice.Off.SW","Iceland","2-Offshore","Iceland_2-Offshore_Ice.Off.SW_18020","darkgoldenrod","seagreen2","#9400D3FF",0.0593978547945118,0.0155535292249395,-0.0625108286949705,0.032709841390373,107,5
"151",18021,"Pop6","Ice.Off.SW","Iceland","2-Offshore","Iceland_2-Offshore_Ice.Off.SW_18021","darkgoldenrod","seagreen2","#9400D3FF",0.0713512372462389,0.0820836764481279,-0.100740573534385,-0.0456408093000419,89,5
"152",18022,"Pop6","Ice.Off.SW","Iceland","2-Offshore","Iceland_2-Offshore_Ice.Off.SW_18022","darkgoldenrod","seagreen2","#9400D3FF",0.0587947872475797,0.0138177683673983,-0.0615289968688308,0.0309667598617008,80,5
"153",18024,"Pop6","Ice.Off.SW","Iceland","2-Offshore","Iceland_2-Offshore_Ice.Off.SW_18024","darkgoldenrod","seagreen2","#9400D3FF",0.0592308887223608,0.0158843504991891,-0.0625796039092484,0.0324319425391823,85,5
"154",18025,"Pop6","Ice.Off.SW","Iceland","2-Offshore","Iceland_2-Offshore_Ice.Off.SW_18025","darkgoldenrod","seagreen2","#9400D3FF",0.0704337975748321,0.082809738429293,-0.0994174427936399,-0.0456437471484245,126,5
"155",18026,"Pop6","Ice.Off.SW","Iceland","2-Offshore","Iceland_2-Offshore_Ice.Off.SW_18026","darkgoldenrod","seagreen2","#9400D3FF",0.0715903531384187,0.0818373605022815,-0.100131916997925,-0.0457925514796449,6,5
"156",18029,"Pop6","Ice.Off.SW","Iceland","2-Offshore","Iceland_2-Offshore_Ice.Off.SW_18029","darkgoldenrod","seagreen2","#9400D3FF",0.06967189190847,0.0696816157790209,-0.0929939628401997,-0.0348255907903929,9,5
"157",18030,"Pop6","Ice.Off.SW","Iceland","2-Offshore","Iceland_2-Offshore_Ice.Off.SW_18030","darkgoldenrod","seagreen2","#9400D3FF",0.0687115034501793,0.0705874323613685,-0.0927211068129054,-0.0369940951770715,130,5
"158",18031,"Pop6","Ice.Off.SW","Iceland","2-Offshore","Iceland_2-Offshore_Ice.Off.SW_18031","darkgoldenrod","seagreen2","#9400D3FF",0.0724705861745415,0.0812726620002463,-0.100583292995809,-0.0471428328120405,28,5
"159",18032,"Pop6","Ice.Off.SW","Iceland","2-Offshore","Iceland_2-Offshore_Ice.Off.SW_18032","darkgoldenrod","seagreen2","#9400D3FF",0.060163675947238,0.0152637677106972,-0.0624674025965556,0.0329191151950262,29,5
"160",18033,"Pop6","Ice.Off.SW","Iceland","2-Offshore","Iceland_2-Offshore_Ice.Off.SW_18033","darkgoldenrod","seagreen2","#9400D3FF",0.0717247912176111,0.0819285518011254,-0.100614565488024,-0.0464419072988896,1,5
"161",18034,"Pop6","Ice.Off.SW","Iceland","2-Offshore","Iceland_2-Offshore_Ice.Off.SW_18034","darkgoldenrod","seagreen2","#9400D3FF",0.0690647835305888,0.0809514829448553,-0.0987776963589245,-0.0461542559406954,133,5
"162",18035,"Pop6","Ice.Off.SW","Iceland","2-Offshore","Iceland_2-Offshore_Ice.Off.SW_18035","darkgoldenrod","seagreen2","#9400D3FF",0.0365127928286418,-0.0795898787268821,0.0078567656947338,0.0732344189911466,38,4
"163",18037,"Pop6","Ice.Off.SW","Iceland","2-Offshore","Iceland_2-Offshore_Ice.Off.SW_18037","darkgoldenrod","seagreen2","#9400D3FF",0.0599378182484061,0.0175696764893979,-0.0627779862645836,0.0327756993853355,91,5
"164",18038,"Pop6","Ice.Off.SW","Iceland","2-Offshore","Iceland_2-Offshore_Ice.Off.SW_18038","darkgoldenrod","seagreen2","#9400D3FF",0.0674965574181166,0.0717074390278724,-0.0920905407170603,-0.0379066387614717,43,5
"165",18039,"Pop6","Ice.Off.SW","Iceland","2-Offshore","Iceland_2-Offshore_Ice.Off.SW_18039","darkgoldenrod","seagreen2","#9400D3FF",0.071511453503934,0.0811346561926902,-0.0994434581368658,-0.0463541470535473,115,5
"166",18040,"Pop6","Ice.Off.SW","Iceland","2-Offshore","Iceland_2-Offshore_Ice.Off.SW_18040","darkgoldenrod","seagreen2","#9400D3FF",0.0712527080253108,0.0815248120267759,-0.100274532632159,-0.0459830068893651,106,5
"167",18041,"Pop6","Ice.Off.SW","Iceland","2-Offshore","Iceland_2-Offshore_Ice.Off.SW_18041","darkgoldenrod","seagreen2","#9400D3FF",0.0599043724550776,0.0150132712017513,-0.0634042165843542,0.0330453678033787,14,5
"168",18042,"Pop6","Ice.Off.SW","Iceland","2-Offshore","Iceland_2-Offshore_Ice.Off.SW_18042","darkgoldenrod","seagreen2","#9400D3FF",0.0471775341968167,-0.0459564653923497,-0.0250389863931211,0.111337730800832,27,3
"169",18043,"Pop6","Ice.Off.SW","Iceland","2-Offshore","Iceland_2-Offshore_Ice.Off.SW_18043","darkgoldenrod","seagreen2","#9400D3FF",0.059798694390883,0.0123810541114083,-0.0630731307806317,0.0328377451005667,262,5
"170",18044,"Pop6","Ice.Off.SW","Iceland","2-Offshore","Iceland_2-Offshore_Ice.Off.SW_18044","darkgoldenrod","seagreen2","#9400D3FF",0.0682757536239295,0.0703856413799997,-0.0923651577520659,-0.0359432457834202,203,5
"171",18046,"Pop6","Ice.Off.SW","Iceland","2-Offshore","Iceland_2-Offshore_Ice.Off.SW_18046","darkgoldenrod","seagreen2","#9400D3FF",0.0708569218489522,0.0829881049274206,-0.10092237682327,-0.0469079154666541,290,5
"172",18047,"Pop6","Ice.Off.SW","Iceland","2-Offshore","Iceland_2-Offshore_Ice.Off.SW_18047","darkgoldenrod","seagreen2","#9400D3FF",0.0637745099580653,0.0567529293218165,-0.0741572189224002,-0.0926624393534149,204,5
"173",18048,"Pop6","Ice.Off.SW","Iceland","2-Offshore","Iceland_2-Offshore_Ice.Off.SW_18048","darkgoldenrod","seagreen2","#9400D3FF",0.058009352740988,0.0193103738930856,-0.0624950063242762,0.0325372061212586,205,5
"174",18049,"Pop6","Ice.Off.SW","Iceland","2-Offshore","Iceland_2-Offshore_Ice.Off.SW_18049","darkgoldenrod","seagreen2","#9400D3FF",0.0709472913067558,0.0805831456841846,-0.0994534062428257,-0.0466484395715238,189,5
"175",18051,"Pop6","Ice.Off.SW","Iceland","2-Offshore","Iceland_2-Offshore_Ice.Off.SW_18051","darkgoldenrod","seagreen2","#9400D3FF",0.0707105483073489,0.0771355389790094,-0.0978572058401961,-0.045889144582689,190,5
"176",18152,"Pop7","Ice.Near.SW","Iceland","1-Nearshore","Iceland_1-Nearshore_Ice.Near.SW_18152","darkgoldenrod","darkcyan","#6495ED80",0.056945428450915,-0.00230966188130085,-0.0496862981756566,0.051253277592678,197,5
"177",18153,"Pop7","Ice.Near.SW","Iceland","1-Nearshore","Iceland_1-Nearshore_Ice.Near.SW_18153","darkgoldenrod","darkcyan","#6495ED80",0.0378533881860096,-0.0933815855278512,0.00891706878513216,0.0885649753995028,195,4
"178",18154,"Pop7","Ice.Near.SW","Iceland","1-Nearshore","Iceland_1-Nearshore_Ice.Near.SW_18154","darkgoldenrod","darkcyan","#6495ED80",0.0447745860598235,-0.0438444704137882,-0.0237968927500868,0.10869523274051,212,3
"179",18155,"Pop7","Ice.Near.SW","Iceland","1-Nearshore","Iceland_1-Nearshore_Ice.Near.SW_18155","darkgoldenrod","darkcyan","#6495ED80",0.0463041144382408,-0.0700438195803468,-0.0182594971358077,0.135911748568405,5,3
"180",18156,"Pop7","Ice.Near.SW","Iceland","1-Nearshore","Iceland_1-Nearshore_Ice.Near.SW_18156","darkgoldenrod","darkcyan","#6495ED80",0.0384694766749344,-0.0982607033934292,0.00884629027730118,0.0957451006956995,19,4
"181",18157,"Pop7","Ice.Near.SW","Iceland","1-Nearshore","Iceland_1-Nearshore_Ice.Near.SW_18157","darkgoldenrod","darkcyan","#6495ED80",0.0260133656116773,-0.128666392107311,0.0417439721339764,0.0576468943811631,97,2
"182",18158,"Pop7","Ice.Near.SW","Iceland","1-Nearshore","Iceland_1-Nearshore_Ice.Near.SW_18158","darkgoldenrod","darkcyan","#6495ED80",0.0371853296456277,-0.10401600650489,0.0144695331181359,0.103152660233209,110,4
"183",18159,"Pop7","Ice.Near.SW","Iceland","1-Nearshore","Iceland_1-Nearshore_Ice.Near.SW_18159","darkgoldenrod","darkcyan","#6495ED80",0.0508731402561742,-0.00243474328205921,-0.0361405023566427,-0.0132264256957034,64,5
"184",18160,"Pop7","Ice.Near.SW","Iceland","1-Nearshore","Iceland_1-Nearshore_Ice.Near.SW_18160","darkgoldenrod","darkcyan","#6495ED80",0.0455714639335065,-0.0479698479821294,-0.0156855697390481,0.0306502279388491,67,5
"185",18161,"Pop7","Ice.Near.SW","Iceland","1-Nearshore","Iceland_1-Nearshore_Ice.Near.SW_18161","darkgoldenrod","darkcyan","#6495ED80",0.0452225146420408,-0.0553667513826548,-0.0184620908958051,0.119046606535853,134,3
"186",18162,"Pop7","Ice.Near.SW","Iceland","1-Nearshore","Iceland_1-Nearshore_Ice.Near.SW_18162","darkgoldenrod","darkcyan","#6495ED80",0.050973013630788,-0.00272999846024826,-0.0363516701675166,-0.0140520563536663,7,5
"187",18163,"Pop7","Ice.Near.SW","Iceland","1-Nearshore","Iceland_1-Nearshore_Ice.Near.SW_18163","darkgoldenrod","darkcyan","#6495ED80",0.0403583005420387,-0.0712077868377153,0.000735374950231209,0.0636201541629171,8,4
"188",18164,"Pop7","Ice.Near.SW","Iceland","1-Nearshore","Iceland_1-Nearshore_Ice.Near.SW_18164","darkgoldenrod","darkcyan","#6495ED80",0.0278453065136229,-0.153017243916779,0.0467798117779658,0.0821386732766365,100,1
"189",18165,"Pop7","Ice.Near.SW","Iceland","1-Nearshore","Iceland_1-Nearshore_Ice.Near.SW_18165","darkgoldenrod","darkcyan","#6495ED80",0.0274982878699817,-0.110709053206468,0.0406149561003932,0.0374683505046092,120,1
"190",18166,"Pop7","Ice.Near.SW","Iceland","1-Nearshore","Iceland_1-Nearshore_Ice.Near.SW_18166","darkgoldenrod","darkcyan","#6495ED80",0.0284135850168211,-0.110912552574661,0.0399234549166348,0.0390425993681533,96,1
"191",18167,"Pop7","Ice.Near.SW","Iceland","1-Nearshore","Iceland_1-Nearshore_Ice.Near.SW_18167","darkgoldenrod","darkcyan","#6495ED80",0.0392017721742221,-0.0708701451500498,0.00123479452863343,0.0644188218009706,112,4
"192",18168,"Pop7","Ice.Near.SW","Iceland","1-Nearshore","Iceland_1-Nearshore_Ice.Near.SW_18168","darkgoldenrod","darkcyan","#6495ED80",0.027643753567011,-0.143335796204359,0.0425592250113156,0.0688719149440359,61,2
"193",18170,"Pop7","Ice.Near.SW","Iceland","1-Nearshore","Iceland_1-Nearshore_Ice.Near.SW_18170","darkgoldenrod","darkcyan","#6495ED80",0.0718801044818709,0.0822685076335318,-0.10055237288229,-0.0467998417784228,114,5
"194",18171,"Pop7","Ice.Near.SW","Iceland","1-Nearshore","Iceland_1-Nearshore_Ice.Near.SW_18171","darkgoldenrod","darkcyan","#6495ED80",0.0352502666127637,-0.112602861507833,0.0214453088624029,0.109334516563053,56,1
"195",18172,"Pop7","Ice.Near.SW","Iceland","1-Nearshore","Iceland_1-Nearshore_Ice.Near.SW_18172","darkgoldenrod","darkcyan","#6495ED80",0.0293832006743831,-0.104953749945433,0.0338554848936614,0.0284856563528275,73,1
"196",18173,"Pop7","Ice.Near.SW","Iceland","1-Nearshore","Iceland_1-Nearshore_Ice.Near.SW_18173","darkgoldenrod","darkcyan","#6495ED80",0.0264982946964614,-0.138335532121123,0.0467670773644749,0.0681563876119587,10,1
"197",18174,"Pop7","Ice.Near.SW","Iceland","1-Nearshore","Iceland_1-Nearshore_Ice.Near.SW_18174","darkgoldenrod","darkcyan","#6495ED80",0.027210425755505,-0.107685431147199,0.0409102690059135,0.0374565410171711,125,1
"198",18175,"Pop7","Ice.Near.SW","Iceland","1-Nearshore","Iceland_1-Nearshore_Ice.Near.SW_18175","darkgoldenrod","darkcyan","#6495ED80",0.0469570120885588,-0.0432778744754199,-0.0257919709994574,0.108925713530513,34,3
"199",18176,"Pop7","Ice.Near.SW","Iceland","1-Nearshore","Iceland_1-Nearshore_Ice.Near.SW_18176","darkgoldenrod","darkcyan","#6495ED80",0.0294245094858861,-0.118235881423174,0.0352746429006037,0.0484352458629816,69,2
"200",18178,"Pop7","Ice.Near.SW","Iceland","1-Nearshore","Iceland_1-Nearshore_Ice.Near.SW_18178","darkgoldenrod","darkcyan","#6495ED80",0.034975455433841,-0.0766300828912641,0.00833858992915208,0.0734269883242703,4,4
"201",18179,"Pop7","Ice.Near.SW","Iceland","1-Nearshore","Iceland_1-Nearshore_Ice.Near.SW_18179","darkgoldenrod","darkcyan","#6495ED80",0.047007204221861,-0.0544454865784476,-0.0195762589735572,0.120953931808308,58,3
"202",18180,"Pop7","Ice.Near.SW","Iceland","1-Nearshore","Iceland_1-Nearshore_Ice.Near.SW_18180","darkgoldenrod","darkcyan","#6495ED80",0.0447607166748287,-0.0617578557338149,-0.0122586649949368,0.128044141345755,22,3
"203",18182,"Pop7","Ice.Near.SW","Iceland","1-Nearshore","Iceland_1-Nearshore_Ice.Near.SW_18182","darkgoldenrod","darkcyan","#6495ED80",0.0362326130303588,-0.0859931028707914,0.0142553280308211,0.0843696196360828,128,1
"204",18183,"Pop7","Ice.Near.SW","Iceland","1-Nearshore","Iceland_1-Nearshore_Ice.Near.SW_18183","darkgoldenrod","darkcyan","#6495ED80",0.0372018607515009,-0.0905736400278883,0.0140739070817219,0.0828110937256173,66,1
"205",18184,"Pop7","Ice.Near.SW","Iceland","1-Nearshore","Iceland_1-Nearshore_Ice.Near.SW_18184","darkgoldenrod","darkcyan","#6495ED80",0.0347166126663268,-0.0849763556831054,0.0132961471494174,0.0806582361267084,132,1
"206",18185,"Pop7","Ice.Near.SW","Iceland","1-Nearshore","Iceland_1-Nearshore_Ice.Near.SW_18185","darkgoldenrod","darkcyan","#6495ED80",0.0498495663505984,-0.0455452138783353,-0.0264779409252879,0.111119804985082,57,3
"207",18186,"Pop7","Ice.Near.SW","Iceland","1-Nearshore","Iceland_1-Nearshore_Ice.Near.SW_18186","darkgoldenrod","darkcyan","#6495ED80",0.0589418332567948,-0.00788644037254767,-0.0557906498172,0.0579696193896817,62,5
"208",18187,"Pop7","Ice.Near.SW","Iceland","1-Nearshore","Iceland_1-Nearshore_Ice.Near.SW_18187","darkgoldenrod","darkcyan","#6495ED80",0.0470973591058391,-0.0396033915553212,-0.0223163049714417,0.0233596182987662,15,5
"209",18188,"Pop7","Ice.Near.SW","Iceland","1-Nearshore","Iceland_1-Nearshore_Ice.Near.SW_18188","darkgoldenrod","darkcyan","#6495ED80",0.0447849322619389,-0.0627851157977239,-0.0129521821095818,0.129375909268323,99,3
"210",18189,"Pop7","Ice.Near.SW","Iceland","1-Nearshore","Iceland_1-Nearshore_Ice.Near.SW_18189","darkgoldenrod","darkcyan","#6495ED80",0.034297479651662,-0.141888454508049,0.0283589064803642,0.137941510378277,118,1
"211",18190,"Pop7","Ice.Near.SW","Iceland","1-Nearshore","Iceland_1-Nearshore_Ice.Near.SW_18190","darkgoldenrod","darkcyan","#6495ED80",0.0255441689347816,-0.138846485137835,0.0486916804662519,0.0643377276452936,127,1
"212",18191,"Pop7","Ice.Near.SW","Iceland","1-Nearshore","Iceland_1-Nearshore_Ice.Near.SW_18191","darkgoldenrod","darkcyan","#6495ED80",0.0299431832046692,-0.0975758572270413,0.0318401835679973,0.0273962458718156,17,1
"213",18192,"Pop7","Ice.Near.SW","Iceland","1-Nearshore","Iceland_1-Nearshore_Ice.Near.SW_18192","darkgoldenrod","darkcyan","#6495ED80",0.0284702849445955,-0.126659121650138,0.0407167106708381,0.0544127992396502,52,2
"214",18193,"Pop7","Ice.Near.SW","Iceland","1-Nearshore","Iceland_1-Nearshore_Ice.Near.SW_18193","darkgoldenrod","darkcyan","#6495ED80",0.0518012295258384,-0.00636475688364164,-0.036265871521894,-0.0134485236244084,116,5
"215",18194,"Pop7","Ice.Near.SW","Iceland","1-Nearshore","Iceland_1-Nearshore_Ice.Near.SW_18194","darkgoldenrod","darkcyan","#6495ED80",0.0243582344045769,-0.161822131663302,0.0543368037726227,0.0869923485067324,88,1
"216",18103,"Pop8","Ice.Off.NE","Iceland","2-Offshore","Iceland_2-Offshore_Ice.Off.NE_18103","darkgoldenrod","seagreen2","#9400D380",0.0686349341917198,0.0804968227041545,-0.0982372549353954,-0.0456330086386597,12,5
"217",18104,"Pop8","Ice.Off.NE","Iceland","2-Offshore","Iceland_2-Offshore_Ice.Off.NE_18104","darkgoldenrod","seagreen2","#9400D380",0.0708416175805629,0.0824980891194693,-0.10012524637924,-0.0466517699657137,135,5
"218",18106,"Pop8","Ice.Off.NE","Iceland","2-Offshore","Iceland_2-Offshore_Ice.Off.NE_18106","darkgoldenrod","seagreen2","#9400D380",0.0709297729347729,0.0824096561054595,-0.0992669539173372,-0.0465409277268533,104,5
"219",18108,"Pop8","Ice.Off.NE","Iceland","2-Offshore","Iceland_2-Offshore_Ice.Off.NE_18108","darkgoldenrod","seagreen2","#9400D380",0.0702335389335877,0.0806615678545893,-0.0990041167449459,-0.0452864041608951,81,5
"220",18109,"Pop8","Ice.Off.NE","Iceland","2-Offshore","Iceland_2-Offshore_Ice.Off.NE_18109","darkgoldenrod","seagreen2","#9400D380",0.0693492251613716,0.0728768941396282,-0.0925778103171648,-0.0374962115340176,101,5
"221",18110,"Pop8","Ice.Off.NE","Iceland","2-Offshore","Iceland_2-Offshore_Ice.Off.NE_18110","darkgoldenrod","seagreen2","#9400D380",0.0505184469625805,-0.00586105365635943,-0.0367389034276152,-0.0126031527492487,103,5
"222",18112,"Pop8","Ice.Off.NE","Iceland","2-Offshore","Iceland_2-Offshore_Ice.Off.NE_18112","darkgoldenrod","seagreen2","#9400D380",0.0713055127853815,0.0786747938814712,-0.0999669199534076,-0.0446092224927928,109,5
"223",18113,"Pop8","Ice.Off.NE","Iceland","2-Offshore","Iceland_2-Offshore_Ice.Off.NE_18113","darkgoldenrod","seagreen2","#9400D380",0.0726702176116882,0.0796219894753979,-0.100682792148249,-0.0461478389839969,119,5
"224",18115,"Pop8","Ice.Off.NE","Iceland","2-Offshore","Iceland_2-Offshore_Ice.Off.NE_18115","darkgoldenrod","seagreen2","#9400D380",0.0609757758115739,0.018971928450133,-0.063243684583861,0.0321973112819228,46,5
"225",18116,"Pop8","Ice.Off.NE","Iceland","2-Offshore","Iceland_2-Offshore_Ice.Off.NE_18116","darkgoldenrod","seagreen2","#9400D380",0.0592170766759989,0.0170174383561584,-0.0624988563336945,0.0328022246745204,95,5
"226",18117,"Pop8","Ice.Off.NE","Iceland","2-Offshore","Iceland_2-Offshore_Ice.Off.NE_18117","darkgoldenrod","seagreen2","#9400D380",0.0567665178175268,0.0095011958381418,-0.0560391375444841,0.0410541956317597,76,5
"227",18118,"Pop8","Ice.Off.NE","Iceland","2-Offshore","Iceland_2-Offshore_Ice.Off.NE_18118","darkgoldenrod","seagreen2","#9400D380",0.0707619876479484,0.0705080492125885,-0.0934960986287545,-0.0375201078790847,92,5
"228",18119,"Pop8","Ice.Off.NE","Iceland","2-Offshore","Iceland_2-Offshore_Ice.Off.NE_18119","darkgoldenrod","seagreen2","#9400D380",0.0567211615903788,0.0129877457865813,-0.0564408584835316,0.0410972494620536,33,5
"229",18120,"Pop8","Ice.Off.NE","Iceland","2-Offshore","Iceland_2-Offshore_Ice.Off.NE_18120","darkgoldenrod","seagreen2","#9400D380",0.0588051930123816,0.0185722945707591,-0.062057293806107,0.0316400709586418,86,5
"230",18122,"Pop8","Ice.Off.NE","Iceland","2-Offshore","Iceland_2-Offshore_Ice.Off.NE_18122","darkgoldenrod","seagreen2","#9400D380",0.0619717998609629,0.0537692743973369,-0.0720763070112652,-0.0897387790355849,291,5
"231",18123,"Pop8","Ice.Off.NE","Iceland","2-Offshore","Iceland_2-Offshore_Ice.Off.NE_18123","darkgoldenrod","seagreen2","#9400D380",0.0706364948722694,0.0786033300251896,-0.0988443638047652,-0.0463176884765484,177,5
"232",18124,"Pop8","Ice.Off.NE","Iceland","2-Offshore","Iceland_2-Offshore_Ice.Off.NE_18124","darkgoldenrod","seagreen2","#9400D380",0.0690112821108977,0.0707858849283304,-0.0940882921912495,-0.0368935300723919,180,5
"233",18125,"Pop8","Ice.Off.NE","Iceland","2-Offshore","Iceland_2-Offshore_Ice.Off.NE_18125","darkgoldenrod","seagreen2","#9400D380",0.0723013895567838,0.0804928054650467,-0.100261073430786,-0.0446763531230179,241,5
"234",18126,"Pop8","Ice.Off.NE","Iceland","2-Offshore","Iceland_2-Offshore_Ice.Off.NE_18126","darkgoldenrod","seagreen2","#9400D380",0.0706061997265972,0.0828048564051899,-0.0992989872263509,-0.0454039802704334,182,5
"235",18127,"Pop8","Ice.Off.NE","Iceland","2-Offshore","Iceland_2-Offshore_Ice.Off.NE_18127","darkgoldenrod","seagreen2","#9400D380",0.0590087980660373,0.0178540483056256,-0.0619258694100991,0.031902470369437,274,5
"236",18128,"Pop8","Ice.Off.NE","Iceland","2-Offshore","Iceland_2-Offshore_Ice.Off.NE_18128","darkgoldenrod","seagreen2","#9400D380",0.0735871401139092,0.079349761400957,-0.101103996490517,-0.0467094759137351,288,5
"237",18130,"Pop8","Ice.Off.NE","Iceland","2-Offshore","Iceland_2-Offshore_Ice.Off.NE_18130","darkgoldenrod","seagreen2","#9400D380",0.0704024007333161,0.0808684653026509,-0.0989229751665292,-0.0455332789295619,264,5
"238",18131,"Pop8","Ice.Off.NE","Iceland","2-Offshore","Iceland_2-Offshore_Ice.Off.NE_18131","darkgoldenrod","seagreen2","#9400D380",0.0632243162468322,0.0542364571123675,-0.0730674698933664,-0.0916166174308215,267,5
"239",18132,"Pop8","Ice.Off.NE","Iceland","2-Offshore","Iceland_2-Offshore_Ice.Off.NE_18132","darkgoldenrod","seagreen2","#9400D380",0.0599867756219783,0.0172951955954025,-0.0627058863786759,0.0325201273199043,256,5
"240",18133,"Pop8","Ice.Off.NE","Iceland","2-Offshore","Iceland_2-Offshore_Ice.Off.NE_18133","darkgoldenrod","seagreen2","#9400D380",0.0717104000336432,0.0791737299999888,-0.100299915254539,-0.0455569016445661,294,5
"241",18134,"Pop8","Ice.Off.NE","Iceland","2-Offshore","Iceland_2-Offshore_Ice.Off.NE_18134","darkgoldenrod","seagreen2","#9400D380",0.0359284605542133,-0.104088910616176,0.015057140218191,0.100346864447845,187,4
"242",18136,"Pop8","Ice.Off.NE","Iceland","2-Offshore","Iceland_2-Offshore_Ice.Off.NE_18136","darkgoldenrod","seagreen2","#9400D380",0.0559414201472944,-0.020180324302481,-0.049186772538751,0.0691741474075633,191,5
"243",18138,"Pop8","Ice.Off.NE","Iceland","2-Offshore","Iceland_2-Offshore_Ice.Off.NE_18138","darkgoldenrod","seagreen2","#9400D380",0.0689870095791818,0.0714554849069832,-0.0923823817205689,-0.038298166307441,279,5
"244",18139,"Pop8","Ice.Off.NE","Iceland","2-Offshore","Iceland_2-Offshore_Ice.Off.NE_18139","darkgoldenrod","seagreen2","#9400D380",0.069213593626767,0.0823314931398928,-0.0990890372822171,-0.0465198206092854,200,5
"245",18140,"Pop8","Ice.Off.NE","Iceland","2-Offshore","Iceland_2-Offshore_Ice.Off.NE_18140","darkgoldenrod","seagreen2","#9400D380",0.0699276647073677,0.0778188934548134,-0.0970265460178386,-0.0437490412341015,162,5
"246",18141,"Pop8","Ice.Off.NE","Iceland","2-Offshore","Iceland_2-Offshore_Ice.Off.NE_18141","darkgoldenrod","seagreen2","#9400D380",0.0711655504571067,0.0750743271923832,-0.098628032453606,-0.0444791325516336,265,5
"247",18142,"Pop8","Ice.Off.NE","Iceland","2-Offshore","Iceland_2-Offshore_Ice.Off.NE_18142","darkgoldenrod","seagreen2","#9400D380",0.0599419535547626,0.0173065704366236,-0.061916707604366,0.0317365143819557,281,5
"248",18143,"Pop8","Ice.Off.NE","Iceland","2-Offshore","Iceland_2-Offshore_Ice.Off.NE_18143","darkgoldenrod","seagreen2","#9400D380",0.0693145163541941,0.0797562932657197,-0.0991507224599008,-0.0464272201968493,271,5
"249",18146,"Pop8","Ice.Off.NE","Iceland","2-Offshore","Iceland_2-Offshore_Ice.Off.NE_18146","darkgoldenrod","seagreen2","#9400D380",0.0706327019936927,0.0805360988225859,-0.0982638437913221,-0.0466302328135981,87,5
"250",18147,"Pop8","Ice.Off.NE","Iceland","2-Offshore","Iceland_2-Offshore_Ice.Off.NE_18147","darkgoldenrod","seagreen2","#9400D380",0.0692502956582057,0.0816870063444011,-0.0984035050027474,-0.0464845312946478,94,5
"251",18148,"Pop8","Ice.Off.NE","Iceland","2-Offshore","Iceland_2-Offshore_Ice.Off.NE_18148","darkgoldenrod","seagreen2","#9400D380",0.0568041849776478,0.0111431494983646,-0.05551220196318,0.0398789623637088,192,5
"252",18149,"Pop8","Ice.Off.NE","Iceland","2-Offshore","Iceland_2-Offshore_Ice.Off.NE_18149","darkgoldenrod","seagreen2","#9400D380",0.0715918143927391,0.0810912280854753,-0.0996824883393391,-0.0453965714131529,199,5
"253",18150,"Pop8","Ice.Off.NE","Iceland","2-Offshore","Iceland_2-Offshore_Ice.Off.NE_18150","darkgoldenrod","seagreen2","#9400D380",0.0692725602634551,0.080942571217372,-0.0987584728554939,-0.0450558337215928,268,5
"254",18151,"Pop8","Ice.Off.NE","Iceland","2-Offshore","Iceland_2-Offshore_Ice.Off.NE_18151","darkgoldenrod","seagreen2","#9400D380",0.0703572527953026,0.0780702292254055,-0.099228218316493,-0.0469264968036915,269,5
"255",18052,"Pop9","Ice.Near.NE","Iceland","1-Nearshore","Iceland_1-Nearshore_Ice.Near.NE_18052","darkgoldenrod","darkcyan","#6495EDFF",0.0496126172761878,-0.0169948686720329,-0.029858452315751,-0.00515266569732889,181,5
"256",18053,"Pop9","Ice.Near.NE","Iceland","1-Nearshore","Iceland_1-Nearshore_Ice.Near.NE_18053","darkgoldenrod","darkcyan","#6495EDFF",0.0371234391183538,-0.106043949913511,0.015012186724217,0.103624358292569,213,4
"257",18056,"Pop9","Ice.Near.NE","Iceland","1-Nearshore","Iceland_1-Nearshore_Ice.Near.NE_18056","darkgoldenrod","darkcyan","#6495EDFF",0.0440072749305378,-0.11002077634128,-0.00364790924353531,0.173605090829588,37,3
"258",18058,"Pop9","Ice.Near.NE","Iceland","1-Nearshore","Iceland_1-Nearshore_Ice.Near.NE_18058","darkgoldenrod","darkcyan","#6495EDFF",0.0600241151278581,0.0552326496439865,-0.0709959442956558,-0.0890665776149971,131,5
"259",18059,"Pop9","Ice.Near.NE","Iceland","1-Nearshore","Iceland_1-Nearshore_Ice.Near.NE_18059","darkgoldenrod","darkcyan","#6495EDFF",0.0487256515628462,-0.0167825417576197,-0.0298141540147818,-0.00428628214143147,122,5
"260",18061,"Pop9","Ice.Near.NE","Iceland","1-Nearshore","Iceland_1-Nearshore_Ice.Near.NE_18061","darkgoldenrod","darkcyan","#6495EDFF",0.0456315836595027,-0.0835361559299234,-0.0112596917872127,0.147774305936944,50,3
"261",18062,"Pop9","Ice.Near.NE","Iceland","1-Nearshore","Iceland_1-Nearshore_Ice.Near.NE_18062","darkgoldenrod","darkcyan","#6495EDFF",0.0248049053671498,-0.13692207949745,0.0478096396223675,0.0621295466294807,65,1
"262",18064,"Pop9","Ice.Near.NE","Iceland","1-Nearshore","Iceland_1-Nearshore_Ice.Near.NE_18064","darkgoldenrod","darkcyan","#6495EDFF",0.0344176563134562,-0.0821344744899418,0.0130082174870056,0.0808727206935803,42,1
"263",18065,"Pop9","Ice.Near.NE","Iceland","1-Nearshore","Iceland_1-Nearshore_Ice.Near.NE_18065","darkgoldenrod","darkcyan","#6495EDFF",0.0330973877021553,-0.111145807539213,0.0213376949691949,0.109218904923685,60,1
"264",18067,"Pop9","Ice.Near.NE","Iceland","1-Nearshore","Iceland_1-Nearshore_Ice.Near.NE_18067","darkgoldenrod","darkcyan","#6495EDFF",0.0351012332668243,-0.101369039789517,0.0144565274616317,0.0995324710995253,23,4
"265",18069,"Pop9","Ice.Near.NE","Iceland","1-Nearshore","Iceland_1-Nearshore_Ice.Near.NE_18069","darkgoldenrod","darkcyan","#6495EDFF",0.0378938720370307,-0.080968700095262,0.00772089057290914,0.0748137285069866,21,4
"266",18070,"Pop9","Ice.Near.NE","Iceland","1-Nearshore","Iceland_1-Nearshore_Ice.Near.NE_18070","darkgoldenrod","darkcyan","#6495EDFF",0.0431557926888945,-0.0901646434281673,-0.00413460122654171,0.153632858121428,70,3
"267",18072,"Pop9","Ice.Near.NE","Iceland","1-Nearshore","Iceland_1-Nearshore_Ice.Near.NE_18072","darkgoldenrod","darkcyan","#6495EDFF",0.035630470441318,-0.10441775083088,0.0144472884030202,0.098227563735729,40,4
"268",18073,"Pop9","Ice.Near.NE","Iceland","1-Nearshore","Iceland_1-Nearshore_Ice.Near.NE_18073","darkgoldenrod","darkcyan","#6495EDFF",0.0251560806250858,-0.125081102511965,0.0410789774382431,0.0552420721250512,24,2
"269",18074,"Pop9","Ice.Near.NE","Iceland","1-Nearshore","Iceland_1-Nearshore_Ice.Near.NE_18074","darkgoldenrod","darkcyan","#6495EDFF",0.0275944789021591,-0.125318904956069,0.0419476969215531,0.0521038903696293,16,2
"270",18075,"Pop9","Ice.Near.NE","Iceland","1-Nearshore","Iceland_1-Nearshore_Ice.Near.NE_18075","darkgoldenrod","darkcyan","#6495EDFF",0.0592745864782828,0.0169134711001712,-0.0620703311760248,0.0319801906347019,39,5
"271",18076,"Pop9","Ice.Near.NE","Iceland","1-Nearshore","Iceland_1-Nearshore_Ice.Near.NE_18076","darkgoldenrod","darkcyan","#6495EDFF",0.0395200192650838,-0.0629415312899331,0.00365787553872612,-0.0247677956258127,111,2
"272",18077,"Pop9","Ice.Near.NE","Iceland","1-Nearshore","Iceland_1-Nearshore_Ice.Near.NE_18077","darkgoldenrod","darkcyan","#6495EDFF",0.0336720991973972,-0.133321242361825,0.0261614915207234,0.131530160719749,93,1
"273",18078,"Pop9","Ice.Near.NE","Iceland","1-Nearshore","Iceland_1-Nearshore_Ice.Near.NE_18078","darkgoldenrod","darkcyan","#6495EDFF",0.0468774541977764,-0.0533352715139926,-0.0158920797490522,0.0341070435257164,54,5
"274",18080,"Pop9","Ice.Near.NE","Iceland","1-Nearshore","Iceland_1-Nearshore_Ice.Near.NE_18080","darkgoldenrod","darkcyan","#6495EDFF",0.036643052085729,-0.107694992529909,0.0147945599672789,0.103584988057873,55,4
"275",18081,"Pop9","Ice.Near.NE","Iceland","1-Nearshore","Iceland_1-Nearshore_Ice.Near.NE_18081","darkgoldenrod","darkcyan","#6495EDFF",0.060535796296838,0.0151817683444851,-0.0629820960114504,0.0314038981223117,124,5
"276",18082,"Pop9","Ice.Near.NE","Iceland","1-Nearshore","Iceland_1-Nearshore_Ice.Near.NE_18082","darkgoldenrod","darkcyan","#6495EDFF",0.0500794180474846,-0.00962926443238435,-0.0363590188237076,-0.0119543965619457,20,5
"277",18083,"Pop9","Ice.Near.NE","Iceland","1-Nearshore","Iceland_1-Nearshore_Ice.Near.NE_18083","darkgoldenrod","darkcyan","#6495EDFF",0.0561823602770853,-0.0173541512063679,-0.0479487528288248,0.0632768718771246,121,5
"278",18084,"Pop9","Ice.Near.NE","Iceland","1-Nearshore","Iceland_1-Nearshore_Ice.Near.NE_18084","darkgoldenrod","darkcyan","#6495EDFF",0.0496623641819452,-0.0472893525795479,-0.0250762256297628,0.112237918521078,25,3
"279",18085,"Pop9","Ice.Near.NE","Iceland","1-Nearshore","Iceland_1-Nearshore_Ice.Near.NE_18085","darkgoldenrod","darkcyan","#6495EDFF",0.0376307170669496,-0.0791034028344806,0.00741524485952566,0.0749582983312397,53,4
"280",18086,"Pop9","Ice.Near.NE","Iceland","1-Nearshore","Iceland_1-Nearshore_Ice.Near.NE_18086","darkgoldenrod","darkcyan","#6495EDFF",0.0447124321222414,-0.0660736142743887,-0.0127933447687453,0.130445207097178,83,3
"281",18087,"Pop9","Ice.Near.NE","Iceland","1-Nearshore","Iceland_1-Nearshore_Ice.Near.NE_18087","darkgoldenrod","darkcyan","#6495EDFF",0.0381773922036508,-0.0771489352501689,0.0071405345770895,0.0741847531707007,36,4
"282",18088,"Pop9","Ice.Near.NE","Iceland","1-Nearshore","Iceland_1-Nearshore_Ice.Near.NE_18088","darkgoldenrod","darkcyan","#6495EDFF",0.0517436658251299,-0.00729715183993375,-0.0367220534837256,-0.0125468536043328,47,5
"283",18090,"Pop9","Ice.Near.NE","Iceland","1-Nearshore","Iceland_1-Nearshore_Ice.Near.NE_18090","darkgoldenrod","darkcyan","#6495EDFF",0.04635018873469,-0.0560237103778997,-0.0189395299321928,0.120934181845815,51,3
"284",18091,"Pop9","Ice.Near.NE","Iceland","1-Nearshore","Iceland_1-Nearshore_Ice.Near.NE_18091","darkgoldenrod","darkcyan","#6495EDFF",0.0484370793113049,-0.0128793848935419,-0.0299288507387916,-0.00485467939983136,79,5
"285",18092,"Pop9","Ice.Near.NE","Iceland","1-Nearshore","Iceland_1-Nearshore_Ice.Near.NE_18092","darkgoldenrod","darkcyan","#6495EDFF",0.0225558131180391,-0.160711690002647,0.0556388694377891,0.0901884514339632,75,1
"286",18093,"Pop9","Ice.Near.NE","Iceland","1-Nearshore","Iceland_1-Nearshore_Ice.Near.NE_18093","darkgoldenrod","darkcyan","#6495EDFF",0.0592846865763083,0.0161143021077424,-0.0629522927918189,0.0324328018826554,63,5
"287",18094,"Pop9","Ice.Near.NE","Iceland","1-Nearshore","Iceland_1-Nearshore_Ice.Near.NE_18094","darkgoldenrod","darkcyan","#6495EDFF",0.0451904065598788,-0.090633736380088,-0.00515167897989437,0.157641573445825,71,3
"288",18095,"Pop9","Ice.Near.NE","Iceland","1-Nearshore","Iceland_1-Nearshore_Ice.Near.NE_18095","darkgoldenrod","darkcyan","#6495EDFF",0.0368926524589909,-0.106513748152442,0.0150551491677605,0.102559757315993,102,4
"289",18096,"Pop9","Ice.Near.NE","Iceland","1-Nearshore","Iceland_1-Nearshore_Ice.Near.NE_18096","darkgoldenrod","darkcyan","#6495EDFF",0.050783603615664,-0.00576789365950865,-0.0363145107037447,-0.0129342087201361,3,5
"290",18097,"Pop9","Ice.Near.NE","Iceland","1-Nearshore","Iceland_1-Nearshore_Ice.Near.NE_18097","darkgoldenrod","darkcyan","#6495EDFF",0.0360140916843287,-0.0897902206273936,0.0142124166131332,0.0836805216722128,48,1
"291",18098,"Pop9","Ice.Near.NE","Iceland","1-Nearshore","Iceland_1-Nearshore_Ice.Near.NE_18098","darkgoldenrod","darkcyan","#6495EDFF",0.0379272769693156,-0.0938640214100452,0.00830561543998672,0.0912856736031403,68,4
"292",18099,"Pop9","Ice.Near.NE","Iceland","1-Nearshore","Iceland_1-Nearshore_Ice.Near.NE_18099","darkgoldenrod","darkcyan","#6495EDFF",0.0509285906096213,-0.0066536912695108,-0.0366546736567127,-0.0125310456190858,41,5
"293",18100,"Pop9","Ice.Near.NE","Iceland","1-Nearshore","Iceland_1-Nearshore_Ice.Near.NE_18100","darkgoldenrod","darkcyan","#6495EDFF",0.049010003447294,-0.00505266313873251,-0.0353226228235534,-0.0132487075597399,26,5
"294",18101,"Pop9","Ice.Near.NE","Iceland","1-Nearshore","Iceland_1-Nearshore_Ice.Near.NE_18101","darkgoldenrod","darkcyan","#6495EDFF",0.0360985407292026,-0.10325226469778,0.0146172577005579,0.103622796446973,31,4
